<?xml version="1.0" encoding="utf-8"?>
<odoo>
    <!--        Group Category-->
    <record model="ir.module.category" id="smart_alert">
        <field name="name">Smart Alert</field>
        <field name="description">Helps you to create customized alert
            messages.
        </field>
        <field name="sequence">10</field>
    </record>
    <!--        Smart Alert Warning: Admin-->
    <record id="smart_alert_warning_group_admin" model="res.groups">
        <field name="name">Smart Alert Warning: Admin</field>
        <field name="category_id" ref="smart_alert_warning.smart_alert"/>
    </record>
    <!--        Smart Alert Warning: User-->
    <record id="smart_alert_warning_group_user" model="res.groups">
        <field name="name">Smart Alert Warning: User</field>
        <field name="category_id" ref="smart_alert_warning.smart_alert"/>
        <field name="implied_ids"
               eval="[(4, ref('smart_alert_warning.smart_alert_warning_group_admin'))]"/>
    </record>

</odoo>