id,name,model_id:id,group_id:id,perm_read,perm_write,perm_create,perm_unlink
access_crm_commission_user,access.crm.commission.user,model_crm_commission,base.group_user,1,1,1,1
access_commission_product_user,access.commission.product.user,model_commission_product,base.group_user,1,1,1,1
access_commission_report_user,access.commission.report.user,model_commission_report,base.group_user,1,1,1,1
access_commission_graduated_user,access.commission.graduated.user,model_commission_graduated,base.group_user,1,1,1,1
