<?xml version="1.0" encoding="utf-8"?>
<odoo>
    <template id="hr_payroll_note_demo_content">
        <p>Board meeting summary:</p>
        <p>We have to improve our Payroll flow with the new Odoo process</p>
        <p><br/></p>
        <p>On the <t t-out="date_today"/></p>
        <p>1. Save documents to terminated employees</p>
        <p>2. Index salaries for Marketing department</p>
        <p>3. Create a new contract for Marc Demo with his new position</p>
        <p><br/></p>
        <ul class="o_checklist">
            <li id="checkId-130162183830">Give insurance card to new registered employees</li>
        </ul>
        <p>Links:</p>
        <p>
            Payroll tips &amp; tricks:  <a href="https://www.odoo.com/fr_FR/slides/slide/manage-payroll-1002" target="_blank">
                https://www.odoo.com/fr_FR/slides/slide/manage-payroll-1002
            </a>
        </p>
    </template>
</odoo>
