<?xml version="1.0" encoding="UTF-8"?>
<!--To add the customer details in the settings page-->
<templates id="template" xml:space="preserve">
    <t t-name="OrderReceipt" t-inherit="point_of_sale.ReceiptHeader"
       t-inherit-mode="extension" owl="1">
        <xpath expr="//div[hasclass('pos-receipt-contact')]" position="inside">
            <t t-if="this.env.services.pos.customer_details">
                <t t-if="this.env.services.pos.selectedOrder.partner">
                    <t t-if="this.env.services.pos.name">
                        <div style="font-weight:bold;">Customer Name:
                            <t t-esc="this.env.services.pos.selectedOrder.partner.name"/>
                        </div>
                    </t>
                    <t t-if="this.env.services.pos.address">
                        <div style="font-weight:bold;">Customer Address:
                            <t t-esc="this.env.services.pos.selectedOrder.partner.address"/>
                        </div>
                    </t>
                    <t t-if="this.env.services.pos.mobile">
                        <div style="font-weight:bold;">Customer Mobile:
                            <t t-esc="this.env.services.pos.selectedOrder.partner.mobile"/>
                        </div>
                    </t>
                    <t t-if="this.env.services.pos.phone">
                        <div style="font-weight:bold;">Customer Phone:
                            <t t-esc="this.env.services.pos.selectedOrder.partner.phone"/>
                        </div>
                    </t>
                    <t t-if="this.env.services.pos.email">
                        <div style="font-weight:bold;">Customer Email:
                            <t t-esc="this.env.services.pos.selectedOrder.partner.email"/>
                        </div>
                    </t>
                    <t t-if="this.env.services.pos.vat">
                        <div style="font-weight:bold;">Customer Vat:
                            <t t-esc="this.env.services.pos.selectedOrder.partner.vat"/>
                        </div>
                    </t>
                </t>
            </t>
        </xpath>
    </t>
</templates>
