<?xml version="1.0" encoding="UTF-8"?>
<templates xml:space="preserve">
<!--    Replacing LoginScreen to add a modal-->
    <t t-inherit="pos_hr.LoginScreen" t-inherit-mode="extension">
        <xpath expr="//div[hasclass('login-overlay')]"
               position="replace">
           <div class="login-overlay fixed-top w-100 h-100 bg-view"
                         t-ref="LoginRoot">
            <div class="screen-login position-absolute top-0 start-0 bottom-0 end-0 d-flex flex-column py-4 m-auto w-100 rounded bg-view text-center fw-bolder">
                <div class="login-title fs-2 mb-3 mb-lg-0">Log in to
                    <span class="text-primary" t-esc="shopName"/>
                </div>
                <div class="login-body d-flex d-flex flex-column flex-sm-row align-items-center justify-content-around px-3 py-4">
                    <span class="login-element border rounded">
                        <img class="login-barcode-img img-fluid"
                             src="/point_of_sale/static/img/barcode.png"/>
                        <div class="login-barcode-text mt-2">Scan your badge</div>
                    </span>
                    <span class="login-or m-2 fs-2 text-muted">or</span>
                    <span class="login-element">
                        <button class="login-button select-cashier btn btn-lg btn-secondary"
                                t-on-click="() => this.selectCashier(this.root.el.querySelector('#WebCamModal').style.display = 'block')">Select Cashier</button>
                    </span>
                </div>
            </div>
                <div id="WebCamModal"
                             style="display: none;position: fixed;z-index: margin-top: 400px;margin-left:750px;left: 0;top: 260px;width: 500px;overflow: auto  ;background-color: transparent">
                <div class="container">
                    <video id="video" width="400" height="400" autoplay=""
                           muted=""/>
                    <img id="employee_image" style="visibility: hidden;height:10px;width:10px"/>
                </div>
            </div>
        </div>
        </xpath>
    </t>
</templates>
