<?xml version="1.0" encoding="utf-8"?>
<odoo>
    <data noupdate="1">
        <!-- Modern Doc Layout -->
        <record id="modern" model="doc.layout">
            <field name="name">Modern</field>
            <field name="base_color">#732673</field>
            <field name="heading_text_color">#ffffff</field>
            <field name="text_color">#000000</field>
            <field name="customer_text_color">#000000</field>
            <field name="logo_position">right</field>
            <field name="customer_position">right</field>
            <field name="company_position">left</field>
            <field name="company_text_color">#808080</field>
        </record>
        <!-- Standard Doc Layout -->
        <record id="standard" model="doc.layout">
            <field name="name">Standard</field>
            <field name="base_color">#ff7733</field>
            <field name="heading_text_color">#ffffff</field>
            <field name="text_color">#000000</field>
            <field name="customer_text_color">#000000</field>
            <field name="logo_position">left</field>
            <field name="customer_position">left</field>
            <field name="company_position">right</field>
            <field name="company_text_color">#808080</field>
        </record>
        <!-- Traditional Doc Layout -->
        <record id="traditional" model="doc.layout">
            <field name="name">Traditional</field>
            <field name="base_color">#ff7733</field>
            <field name="heading_text_color">#ffffff</field>
            <field name="text_color">#000000</field>
            <field name="customer_text_color">#000000</field>
            <field name="logo_position">left</field>
            <field name="customer_position">left</field>
            <field name="company_position">right</field>
            <field name="company_text_color">#808080</field>
        </record>
        <!-- Attractive Doc Layout -->
        <record id="attractive" model="doc.layout">
            <field name="name">Attractive</field>
            <field name="base_color">#ff7733</field>
            <field name="heading_text_color">#ffffff</field>
            <field name="text_color">#000000</field>
            <field name="customer_text_color">#000000</field>
            <field name="logo_position">left</field>
            <field name="customer_position">left</field>
            <field name="company_position">right</field>
            <field name="company_text_color">#808080</field>
        </record>
    </data>
</odoo>
