<?xml version="1.0" encoding="UTF-8"?>
<!-- Added total worked hours, last check-in time and current worked time in the Navbar-->
<templates id="template" xml:space="preserve">
    <t t-name="pos_hr.Navbar" t-inherit="point_of_sale.Navbar"
       t-inherit-mode="extension">
        <xpath expr="//li[hasclass('ticket-button')]" position="before">
            <li t-if="pos.config.module_pos_hr and pos.config.time_log"
                class="menu-item navbar-button">
                <a class="dropdown-item py-2">
                    <div class="fw-bolder text-center text-primary" t-esc="totalWorkedTime"/>
                    <div class="d-flex justify-content-end" style="font-size:smaller;">
                       <span class="me-2">Last checked in <t t-esc="checkInTime"/></span>
                        <span class="fw-bolder text-primary" t-esc="workedTime"/>
                    </div>
                    <hr class="dropdown-divider" />
                </a>
            </li>
        </xpath>
    </t>

</templates>
