<?xml version="1.0" encoding="UTF-8"?>
<!-- Added new screen in pos-->
<templates id="template" xml:space="preserve">
   <t t-name="SaleOrderScreen" owl="1">
       <div class="clientlist-screen screen h-100 bg-100 overflow-auto"
            t-att-class="{ 'd-none': !props.isShown }" t-ref="root">
           <div class="rightpane">
               <div class="flex-container flex-container d-flex flex-column h-100">
                   <div class="control-panel d-flex justify-content-between align-items-center m-1 p-2 gap-2">
                       <div class="d-flex">
                           <button class="item button back btn btn-lg btn-secondary"
                                   t-on-click="back">
                               <span class="search-icon d-flex align-items-center">
                                   <i class="fa fa-angle-double-left"/>
                                   <span class="ms-2"> Back</span>
                               </span>
                           </button>
                       </div>
                   </div>
                   <div class="orders overflow-y-auto">
                       <div class="header-row d-flex text-bg-700 fw-bolder">
                           <div class="col name p-2">Sale Order</div>
                           <div class="col date p-2">Session</div>
                           <div class="col customer p-2">Customer</div>
                           <div class="col salesman p-2">Product</div>
                           <div class="col total p-2">Total</div>
                           <div class="col state p-2">State</div>
                           <div class="col state p-2">Validate</div>
                       </div>
                       <t t-set="collect_order_line"
                          t-value="getSaleOrderListLine()"/>
                       <t t-foreach="collect_order_line" t-as="lines"
                          t-key="lines.id">
                           <div class="order-list body-row d-flex">
                               <div class="col name p-2"><t t-esc="lines.order_id[1]"/></div>
                               <div class="col name p-2"><t t-esc="lines.pos_config_id[1]"/></div>
                               <div class="col name p-2"><t t-esc="lines.order_partner_id[1]"/></div>
                               <div class="col name p-2"><t t-esc="lines.product_id[1]"/></div>
                               <div class="col name p-2"><t t-esc="lines.product_uom_qty"/></div>
                               <div class="col name p-2"><t t-esc="lines.state"/></div>
                               <div class="col name p-2">
                                   <div t-att-data-id="lines.id"
                                        class="btn button confirm highlight"
                                        t-on-click="onClick">
                                        Confirm </div>
                               </div>
                           </div>
                        </t>
                   </div>
               </div>
           </div>
       </div>
   </t>
</templates>
