<?xml version="1.0" encoding="UTF-8"?>
<!-- Added new button in pos session -->
<templates id="template" xml:space="preserve">
    <t t-name="Navbar" t-inherit="point_of_sale.Navbar"
       t-inherit-mode="extension" owl="1">
        <xpath expr="//div[hasclass('status-buttons')]//CashierName" position="before">
                <div class="sale-order-button" t-on-click="onClick" style="margin-right:490px; ">
                    <i class="fa fa-hand-pointer-o" aria-hidden="true"/>
                    <span style="padding-left: 10px;">Click And Collect</span>
                </div>
            </xpath>
         <xpath expr="//li[@t-if='showCashMoveButton']" position="after">
            <SaleOrderButton/>
        </xpath>
    </t>
</templates>
