<?xml version="1.0" encoding="UTF-8"?>
<templates id="template" xml:space="preserve">
    <t t-name="button_in_kanban.button" t-inherit="web.KanbanView"
       t-inherit-mode="primary">
        <xpath expr="//Layout" position="before">
                    <div class="new_container toast">
                <div style="padding-top:25px; display:flex;">
                    <!--    Change Category Button  -->
                    <button name="cl" type="object"
                            class="btn btn-secondary btn-sm on_change_category"
                            t-on-click="_onChangeCategory "
                            style="width: 90px; padding-top: 10px; padding-left: 9px;
                                padding-right: 13px; padding-bottom: 5px;
                                border-radius: 11px; background: #714b67;
                                color: white; font-size: 11px;">Change Category</button>
                    <!--    Customer Lead Time Button  -->
                    <button name="cl" type="object"
                            class="btn btn-secondary btn-sm on_customer_lead_time_products"
                            t-on-click="_onCustLeadTimeProducts"
                            style="width: 90px; padding-top: 10px; padding-left: 9px;
                                padding-right: 13px; padding-bottom: 5px;
                                border-radius: 11px; background: #714b67;
                                color: white; font-size: 11px;">Customer Lead Time</button>
                    <!--    Archive Products Button  -->
                    <button name="cl" type="object"
                            class="btn btn-secondary btn-sm on_archive_products"
                            t-on-click="_onArchiveProducts"
                            style="width: 90px; padding-top: 10px; padding-left: 9px;
                                padding-right: 13px; padding-bottom: 5px;
                                border-radius: 11px; background: #714b67;
                                color: white; font-size: 11px;">Archive Products</button>
                    <!--    Update Sales Price Button  -->
                    <button name="cl" type="object"
                            class="btn btn-secondary btn-sm on_update_price"
                            t-on-click="_onUpdatePrice"
                            style="width: 90px; padding-top: 10px; padding-left: 9px;
                                padding-right: 13px; padding-bottom: 5px;
                                border-radius: 11px; background: #714b67;
                                color: white; font-size: 11px;">Update Sales Price</button>
                    <!--    Add Vendor Button  -->
                    <button name="cl" type="object"
                            class="btn btn-secondary btn-sm on_add_vendor"
                            t-on-click="_onAddVendor"
                            style="width: 90px; padding-top: 10px; padding-left: 9px;
                                padding-right: 13px; padding-bottom: 5px;
                                border-radius: 11px; background: #714b67;
                                color: white; font-size: 11px;">Add Vendor</button>
                    <!--    Make Salable Button  -->
                    <button name="cl" type="object"
                            class="btn btn-secondary btn-sm on_make_salable"
                            t-on-click="_onMakeSalable"
                            style="width: 90px; padding-top: 10px; padding-left: 9px;
                                padding-right: 13px; padding-bottom: 5px;
                                border-radius: 11px; background: #714b67;
                                color: white; font-size: 11px;">Make Salable</button>
                    <!--    Make Purchasable Button  -->
                    <button name="cl" type="object"
                            class="btn btn-secondary btn-sm on_make_purchasable"
                            t-on-click="_onMakePurchasable"
                            style="width: 90px; padding-top: 10px; padding-left: 9px;
                                padding-right: 13px; padding-bottom: 5px;
                                border-radius: 11px; background: #714b67;
                                color: white; font-size: 11px;">Make Purchasable</button>
                    <!--    Delete Products Button  -->
                    <button name="cl" type="object"
                            class="btn btn-secondary btn-sm on_delete_products"
                            t-on-click="_onDeleteProducts"
                            style="width: 90px; padding-top: 10px; padding-left: 9px;
                                padding-right: 13px; padding-bottom: 5px;
                                border-radius: 11px; background: #714b67;
                                color: white; font-size: 11px;">Delete Products</button>
                    <!--    Publish On Website Button  -->
                    <button name="cl" type="object"
                            class="btn btn-secondary btn-sm on_publish_products"
                            t-on-click="_onPublishProducts"
                            style="width: 90px; padding-top: 10px; padding-left: 9px;
                                padding-right: 13px; padding-bottom: 5px;
                                border-radius: 11px; background: #714b67;
                                color: white; font-size: 11px;">Publish On Website</button>
                    <!--    Add Alternative Products Button  -->
                    <button name="cl" type="object"
                            class="btn btn-secondary btn-sm on_alternative_products"
                            t-on-click="_onAlternativeProducts"
                            style="width: 90px; padding-top: 10px; padding-left: 9px;
                                padding-right: 13px; padding-bottom: 5px;
                                border-radius: 11px; background: #714b67;
                                color: white; font-size: 11px;">Add Alternative Products</button>
                    <!--    Add Accessory Products Button  -->
                    <button name="cl" type="object"
                            class="btn btn-secondary btn-sm on_accessory_products"
                            t-on-click="_onAccessoryProducts"
                            style="width: 90px; padding-top: 10px; padding-left: 9px;
                                padding-right: 13px; padding-bottom: 5px;
                                border-radius: 11px; background: #714b67;
                                color: white; font-size: 11px;">Add Accessory Products</button>
                    <!--    Add Optional Products Button  -->
                    <button name="cl" type="object"
                            class="btn btn-secondary btn-sm on_optional_products"
                            t-on-click="_onOptionalProducts"
                            style="width: 90px; padding-top: 10px; padding-left: 9px;
                                padding-right: 13px; padding-bottom: 5px;
                                border-radius: 11px; background: #714b67;
                                color: white; font-size: 11px;">Add Optional Products</button>
                    <!--    Edit Invoice Policy Button  -->
                    <button name="cl" type="object"
                            class="btn btn-secondary btn-sm on_edit_invoice_policy_products"
                            t-on-click="_onEditInvoicePolicyProducts"
                            style="width: 90px; padding-top: 10px; padding-left: 9px;
                                padding-right: 13px; padding-bottom: 5px;
                                border-radius: 11px; background: #714b67;
                                color: white; font-size: 11px;">Edit Invoice Policy</button>
                    <!--    Add Customer Taxes Button  -->
                    <button name="cl" type="object"
                            class="btn btn-secondary btn-sm on_add_cust_tax_products"
                            t-on-click="_onAddCustomerTaxProducts"
                            style="width: 90px; padding-top: 10px; padding-left: 9px;
                                padding-right: 13px; padding-bottom: 5px;
                                border-radius: 11px; background: #714b67;
                                color: white; font-size: 11px;">Change Customer Taxes</button>
                    <!--    Add Vendor Taxes Button  -->
                    <button name="cl" type="object"
                            class="btn btn-secondary btn-sm on_add_vendor_tax_products"
                            t-on-click="_onAddVendorTaxProducts"
                            style="width: 90px; padding-top: 10px; padding-left: 9px;
                                padding-right: 13px; padding-bottom: 5px;
                                border-radius: 11px; background: #714b67;
                                color: white; font-size: 11px;">Change Vendor Taxes</button>
                    <!--    Change Website Category Button  -->
                    <button name="cl" type="object"
                            class="btn btn-secondary btn-sm on_change_web_category_products"
                            t-on-click="_onWebCategChangeProducts"
                            style="width: 90px; padding-top: 10px; padding-left: 9px;
                                padding-right: 13px; padding-bottom: 5px;
                                border-radius: 11px; background: #714b67;
                                color: white; font-size: 11px;">Change Website Category</button>
                    <!--    Add Attributes & Variants Button  -->

                    <button name="cl" type="object"
                            class="btn btn-secondary btn-sm on_add_attribute_products"
                            t-on-click="_onAddAttributeProducts"
                            style="width: 90px; padding-top: 10px; padding-left: 9px;
                                padding-right: 13px; padding-bottom: 5px;
                                border-radius: 11px; background: #714b67;
                                color: white; font-size: 11px;">Add Attributes &amp; Variants</button>
                    <!--    Change Product Tracking Button  -->
                    <button name="cl" type="object"
                            class="btn btn-secondary btn-sm on_change_tracking_products"
                            t-on-click="_onChangeTrackingProducts"
                            style="width: 90px; padding-top: 10px; padding-left: 9px;
                                padding-right: 13px; padding-bottom: 5px;
                                border-radius: 11px; background: #714b67;
                                color: white; font-size: 11px;">Change Product Tracking</button>
                    <!--    Change Production Location Button  -->
                    <button name="cl" type="object"
                            class="btn btn-secondary btn-sm change_production_location_products"
                            t-on-click="_onChangeProductionLocation"
                            style="width: 90px; padding-top: 10px; padding-left: 9px;
                                padding-right: 13px; padding-bottom: 5px;
                                border-radius: 11px; background: #714b67;
                                color: white; font-size: 11px;">Change Production Location</button>
                    <!--    Change Inventory Location Button  -->
                    <button name="cl" type="object"
                            class="btn btn-secondary btn-sm change_inventory_location_products"
                            t-on-click="_onChangeInventoryLocation"
                            style="width: 90px; padding-top: 10px; padding-left: 9px;
                                padding-right: 13px; padding-bottom: 5px;
                                border-radius: 11px; background: #714b67;
                                color: white; font-size: 11px;">Change Inventory Location</button>
                    <!--    Change Category Button  -->
                </div>
            </div>
        </xpath>
    </t>
</templates>