<?xml version="1.0" encoding="UTF-8"?>
<templates id="template" xml:space="preserve">
<!--    The Product Magnified popup-->
    <t t-name="MagnifyProductPopup" owl="1">
        <div role="dialog">
            <div class="popup">
                <div class="modal-header">
                    <h4 class="modal-title">Product Image</h4>
                    <div>
                    <button t-on-click="cancel">
                        <i class="fa fa-times"/>
                    </button>
                    </div>
                </div>
                <span t-esc="props.product.display_name"
                      class="global-info-title fs-2 fw-bolder text-truncate"/>
                <span class="fs-3"><t t-if="props.product.default_code" t-esc="props.product.default_code"/>
                    <t t-if="props.product.default_code and props.product.barcode"> - </t>
                    <t t-if="props.product.barcode"
                       t-esc="props.product.barcode"/></span>
                <main class="body">
                    <div class="product-large-image">
                        <img t-att-src="largeImageUrl" t-att-alt="props.title"/>
                    </div>
                </main>
            </div>
        </div>
    </t>
</templates>
