<?xml version="1.0" encoding="utf-8"?>
<odoo>    

    <!-- Dashboard -->

    <record id="view_pos_config_kanban_inherit" model="ir.ui.view">
        <field name="name">pos.config.kanban.view.inherit</field>
        <field name="model">pos.config</field>
        <field name="inherit_id" ref="point_of_sale.view_pos_config_kanban"/>
        <field name="arch" type="xml">
            <xpath expr="//t[@t-name='kanban-box']" position="replace">                                
                    <t t-name="kanban-box">
                        <div>
                            <div class="o_kanban_card_header flex-grow-inf">
                                <div class="o_kanban_card_header_title mb16">
                                    <div class="o_primary o_kanban_card_header_title_name">
                                        <t t-esc="record.name.value"/>
                                    </div>
                                    <t t-if="!record.current_session_id.raw_value &amp;&amp; record.pos_session_username.value">
                                        <div class="badge text-bg-info o_kanban_inline_block">Opened by <t t-esc="record.pos_session_username.value"/></div>
                                    </t>
                                    <t t-if="record.pos_session_state.raw_value == 'opening_control'">
                                        <div class="badge text-bg-info o_kanban_inline_block">Opening Control</div>
                                    </t>
                                    <t t-if="record.pos_session_state.raw_value == 'closing_control'">
                                        <div class="badge text-bg-info o_kanban_inline_block">Closing Control</div>
                                    </t>
                                    <t t-if="record.pos_session_state.raw_value == 'opened' and record.pos_session_duration.raw_value > 1">
                                        <div t-attf-class="badge bg-#{record.pos_session_duration.raw_value > 3 and 'danger' or 'warning'} o_kanban_inline_block"
                                             title="The session has been opened for an unusually long period. Please consider closing.">
                                             To Close
                                        </div>
                                    </t>
                                </div>
                            </div>
                            <div class="container o_kanban_card_content">
                                <div class="row">
                                    <div class="col-6 o_kanban_primary_left">
                                        <button t-if="record.current_session_state.raw_value != 'closing_control'" class="btn btn-primary" name="open_ui" type="object">
                                            <t t-if="record.current_session_state.raw_value === 'opened'">Continue Selling</t>
                                            <t t-elif="!record.current_session_id.raw_value &amp;&amp; !record.pos_session_username.value">New Session</t>
                                            <t t-elif="record.current_session_state.raw_value === 'opening_control'">Open Session</t>
                                        </button>

                                        <button t-else="" class="btn btn-secondary" name="open_existing_session_cb" type="object">Close</button>

                                    </div>
                                    <div class="col-6 o_kanban_primary_right">

                                        <div t-if="record.last_session_closing_date.value" class="row">
                                            <div class="col-6">
                                                <span>Closing</span>
                                            </div>
                                            <div class="col-6">
                                                <span><t t-esc="record.last_session_closing_date.value"/></span>
                                            </div>
                                        </div>

                                        <div t-if="record.last_session_closing_date.value" invisible="not cash_control" class="row">
                                            <div class="col-6">
                                                <span>Balance</span>
                                            </div>
                                            <div class="col-6">
                                                <span><field name="last_session_closing_cash" widget="monetary"/></span>
                                            </div>
                                        </div>

                                        <div>
                                            <a t-if="record.number_of_rescue_session.value &gt; 0" class="oe_kanban_action oe_kanban_action_a col-12" name="open_opened_rescue_session_form" type="object">
                                                <t t-esc="record.number_of_rescue_session.value" /> outstanding rescue session
                                            </a>
                                        </div>
                                    </div>
                                </div>
                                <div style="text-align:right;">
                                    <field name="current_user_id" widget="many2one_avatar_user"/>
                                </div>

                            </div>
                        </div>
                    </t>
            </xpath>
        </field>
    </record>

</odoo>
