<?xml version="1.0" encoding="UTF-8"?>
<templates id="template" xml:space="preserve">
    <t t-name="PaymentScreenTip" t-inherit="point_of_sale.PaymentScreenButtons" t-inherit-mode="extension">
        <!--  Shows the tip percentage to the payment screen -->
        <xpath expr="//div[hasclass('payment-buttons')]/button[hasclass('js_tip')]" position="after">
            <t t-if="pos.config.iface_tipproduct and pos.config.tip_product_id">
                <button class="button js_invoice btn btn-light py-3 text-start rounded-0 border-bottom"
                    t-on-click="CustomTipButton">
                    <i class="fa fa-percent"/>
                       Tip  (<t t-esc="Tips.tip"/>)%
                </button>
           </t>
       </xpath>
    </t>
</templates>

