id,name,model_id:id,group_id:id,perm_read,perm_write,perm_create,perm_unlink
access_report_background_line,access_report_background_line,model_report_background_line,base.group_user,1,0,0,0
access_report_background_lang_user,access_report_background_lang,model_report_background_lang,base.group_user,1,0,0,0
access_report_background_line_system,access_report_background_line_system,model_report_background_line,base.group_system,1,1,1,1
access_report_background_lang_admin,access_report_background_lang,model_report_background_lang,base.group_system,1,1,1,1
access_report_company_background_lang,access_report_company_background_lang,custom_background.model_report_company_background_lang,base.group_user,1,0,0,0
access_report_company_background_lang_system,access_report_company_background_lang_system,custom_background.model_report_company_background_lang,base.group_system,1,1,1,1
