<?xml version="1.0" encoding="UTF-8"?>
<templates id="template" xml:space="preserve">

    <t t-name="aos_whatsapp_pos.PartnerDetailsEdit" t-inherit="point_of_sale.PartnerDetailsEdit" t-inherit-mode="extension" owl="1">
        <xpath expr="//div[hasclass('partner-details-box')]" position="inside">
            <div class="partner-detail col">
                <span class="label">Whatsapp</span>
                <input class="detail form-control" id="whatsapp" name="whatsapp" t-model="changes.whatsapp"/>
            </div>
        </xpath>
    </t>

</templates>
