<?xml version="1.0" encoding="UTF-8"?>
<!--To show popup when clicking on feedback control button-->
<templates id="template" xml:space="preserve">
    <t t-name="BarcodePopup" owl="1">
        <div class="popup popup-textinput">
                <div class="modal-header">
                    <h4 class="modal-title"><t t-esc="props.title" /></h4>
                </div>
            <div class="modal-body popup-textarea-wrap">
                            <textarea t-model="state.barcodeValue" t-ref="barcode"/>
                </div>
            <div class="footer footer-flex modal-footer">
                    <div class="button confirm highlight btn btn-lg btn-primary"
                         t-on-click="confirm">
                        <t t-esc="props.confirmText"/>
                    </div>
                <div class="button cancel btn btn-lg btn-secondary"
                     t-on-click="cancel">
                        <t t-esc="props.cancelText"/>
                    </div>
                </div>
            </div>
    </t>
</templates>
