<?xml version="1.0" encoding="UTF-8"?>
<templates id="template" xml:space="preserve">
    <t t-inherit="point_of_sale.OrderReceipt" t-inherit-mode="extension">
        <xpath expr="//div[hasclass('before-footer')]" position="after">
            <br/>
            <br/>
            <div style="text-align:center;">
                <t t-if="props.data.barcode">
                    <svg id="barcode" style="box-shadow: 0 0 20px rgba(0,139,253,0.25); width: 300px; margin: 30px 0px 30px 0px;"/>
                    <script src="https://cdnjs.cloudflare.com/ajax/libs/jsbarcode/3.11.3/JsBarcode.all.min.js" onload="generateBarcode()"/>
                    <script>
                        function generateBarcode() {
                           JsBarcode("#barcode", "<t t-esc='props.data.barcode'/>");
                        }
                    </script>
                </t>
            </div>
        </xpath>
    </t>
</templates>
