<?xml version="1.0" encoding="UTF-8"?>
<templates xml:space="preserve">
    <t t-name="pos_whatsapp_integration.PartnerLine"
       t-inherit="point_of_sale.PartnerLine" t-inherit-mode="extension" owl="1">
        <!--Inherit point_of_sale.PartnerLine to incorporate the partner's
        WhatsApp number into the partner line.-->
        <xpath expr="//div[hasclass('email-field')]" position="after">
            <div t-if="props.partner.whatsapp_number" class="email-field mb-2">
                <i class="fa fa-whatsapp me-2"/>
                <t t-esc="props.partner.whatsapp_number"/>
            </div>
        </xpath>
    </t>
</templates>
