<?xml version="1.0" encoding="UTF-8"?>
<templates xml:space="preserve">
    <t t-name="pos_receipt_invoice_send_whatsapp.PaymentScreenButtons"
       t-inherit="point_of_sale.PaymentScreenButtons" t-inherit-mode="extension"
       owl="1">
        <!--Inherit point_of_sale.PaymentScreenButtons to incorporate the partner's
        WhatsApp number into the Payment Screen.-->
        <xpath expr="//span[hasclass('partner-name')]" position="after">
            <t t-if="currentOrder.get_partner().whatsapp_number">
                <div> </div>
                <i class="fa fa-whatsapp  me-2"/>
                <t t-esc="currentOrder.get_partner().whatsapp_number"/>
            </t>
        </xpath>
    </t>
</templates>
