<?xml version="1.0" encoding="UTF-8"?>
<templates id="template" xml:space="preserve">
    <!-- popup when convert to loyalty is clicked   -->
    <t t-name="custom_popup.CustomButtonPopup" owl="1">
    <div class="popup custom_popup">
        <div class="modal-header justify-content-center">
            <h2 class="modal-title">
               <t t-esc="props.title"/>
            </h2>
        </div>
        <t t-foreach="props.loyalty_points" t-as="card" t-key="card.code">
            <div stytle="margin:3%">
            <span style="font-size:25px;"><t t-esc="card.program.name"/>
                <button style="margin-left: 26px;"
                       class="button cancel btn btn-lg btn-primary"
                       t-on-click="() => convertToLoyalty(props, card.program.id,this)"
                       string="add">Add</button>
            </span>
            </div>

            <br/>

            </t>
       <!-- Modal Footer -->
       <div class="footer footer-flex modal-footer justify-content-end">
            <div class="button cancel btn btn-lg btn-primary"
                 t-on-click="cancel">
               <t t-esc="props.closePopup"/>
            </div>
       </div>
       </div>
   </t>
</templates>