<?xml version="1.0" encoding="UTF-8"?>
<templates id="template" xml:space="preserve">
    <!-- Popup when type of reward is redemption , to enter the details of points to get redeemed   -->
    <t t-name="RedeemPoint" owl="1">
        <div class="popup custom_popup">
            <div class="modal-header justify-content-center">
                <h2 class="modal-title">
                   <t t-esc="props.title"/>
                </h2>
            </div>
            <div class="modal-body custom-form-view">
                <form>
                    <table style="width: 100%; border-collapse: collapse; border: 1px solid #ddd;">
                        <tr style="background-color: #f2f2f2;">
                            <th style="padding: 8px; text-align: left;">Max Redemption Points</th>
                            <th style="padding: 8px; text-align: left;">To redeem</th>
                        </tr>
                        <tr>
                            <td style="padding: 8px;">
                                <t t-esc="props.max_redemption_points"/>
                            </td>
                            <td style="padding: 8px;">
                                <input class="w-75 form-control" name="customer"
                                       t-on-change="() => toRedeem(this)"
                                       t-ref="points"/>
                            </td>
                        </tr>
                    </table>
                </form>
            </div>
            <div class="footer footer-flex modal-footer justify-content-end">
                <button
                        class="button cancel btn btn-lg btn-primary"
                        t-on-click="() => save(props,this)"
                        string="add">Add</button>
                <div class="button cancel btn btn-lg btn-primary"
                     t-on-click="cancel">
                   <t t-esc="props.closePopup"/>
                </div>
            </div>
        </div>
    </t>
</templates>
