<?xml version="1.0" encoding="UTF-8" ?>
<!--this is used to show deducted loyalty points in the Receipt -->
<odoo>
    <t t-name="OrderLinesReceipt" t-inherit="point_of_sale.OrderReceipt"
       t-inherit-mode="extension" owl="1">
        <xpath expr="//div[hasclass('before-footer')]" position="before">
            <t t-foreach="props.data.pointsDeducted or []" t-as="deductedPoints"
               t-key="deductedPoints.ruleId">
                <t t-if="deductedPoints.lostPoint != 0">
                    <span class="pos-receipt-center-align">
                        <div>--------------------------------</div>
                        <br/>
                        <div t-esc='deductedPoints.programName'
                             class="pos-receipt-title"/>
                        <br/>
                    </span>
                    <t t-if='deductedPoints.lostPoint'>
                        <div>Points Lost :
                            <span class='pos-receipt-right-align'>-
                                <t t-esc='deductedPoints.lostPoint'/>
                            </span>
                        </div>
                    </t>
                    <div>Balance Loyalty Points :
                        <span t-esc='deductedPoints.newPoint'
                              class="pos-receipt-right-align"/>
                    </div>
                </t>
            </t>
        </xpath>
    </t>
</odoo>