<?xml version="1.0" encoding="UTF-8"?>
<!--Overwrite the templates "mail.Chatter" to rearrange the view and added features-->
<templates id="template" xml:space="preserve">
    <t name="mail.ChatterAdvanced" t-inherit="mail.Chatter"
       t-inherit-mode="extension" owl="1">
        <xpath expr="//div[hasclass('o-mail-Chatter')]" position="replace">
            <div t-if="state.thread"
                 class="position-relative flex-grow-1 flex-column d-flex w-100 bg-view"
                 t-attf-class="{{ className }}" t-ref="main_root">
                       <div class="o_ChatterContainer"
                            t-att-class="{ 'o-isInFormSheetBg mx-auto': props.isInFormSheetBg }"
                            t-attf-class="{{ props.className }}"
                            data-command-category="mail" t-ref="root">
                            <button class="cross fa fa-times d-none"
                                    style="width: 30px; margin-left: auto; height: 30px;"
                                    t-on-click="_onClickCross"/>
                           <t t-if="state and state.thread">
                                <!--  button to view send message chatter-->
                               <button class="icon  bi bi-chat-left-text"
                                       id="send_message"
                                       type="button" style="color: #FA035A;"
                                       t-on-click="_onClickSendMessage"/>
                               <div class="hide"
                                    style="color: #FA035A;">Message</div>
                               <!--   button to view log note chatter-->
                               <button class="icon bi bi-journal-text"
                                       id="log_note"
                                       type="button" style="color: #24A72F;"
                                       t-on-click="_onClickLogNote"/>
                               <div class="hide" style="color: #24A72F;">Log Note</div>
                               <!-- button to view activity box-->
                               <button class="icon bi bi-clock-history"
                                       id="active"
                                       type="button" style="color: #0349F6;"
                                       t-on-click="_onClickActive"/>
                               <div class="hide"
                                    style="color: #0349F6;">Activities</div>
                            </t>
                           <t t-else="">
                                <div class="o_ChatterContainer_noChatter flex-grow-1 align-items-center justify-content-center d-flex"><i class="o_ChatterContainer_noChatterIcon fa fa-circle-o-notch fa-spin me-2"/>
                                    Please wait...
                                </div>
                            </t>
                           <div class="o-mail-Chatter-top position-sticky top-0"
                                t-att-class="{ 'shadow-sm': state.isTopStickyPinned }"
                                t-ref="top">
                               <div class="o-mail-Chatter-topbar d-flex flex-shrink-0 flex-grow-0 px-3 overflow-x-auto"
                                    t-ref="chatter_message">
                                   <button t-if="props.hasMessageList"
                                           id="chatter_message"
                                           style="color: white; background-color: #FA035A; border-radius: 20px;"
                                           class="o-mail-Chatter-sendMessage btn text-nowrap me-1 bi bi-chat-left-text d-none"
                                           t-att-class="{'btn-primary': state.composerType !== 'note','btn-secondary': state.composerType === 'note','active': state.composerType === 'message','my-2': !props.compactHeight}"
                                           t-att-disabled="!state.thread.hasWriteAccess and !(state.thread.hasReadAccess and state.thread.canPostOnReadonly) and props.threadId"
                                           data-hotkey="m"
                                           t-on-click="() => this.toggleComposer('message')">
                                        Send message
                                   </button>
                                   <button t-if="props.hasMessageList"
                                           id="chatter_note"
                                           t-ref="chatter_note"
                                           class="o-mail-Chatter-logNote btn text-nowrap me-2 bi bi-journal-text d-none"
                                           style="background-color: #24A72F; border-radius: 20px; color: white;"
                                           t-att-class="{
                                        'btn-primary active': state.composerType === 'note',
                                        'btn-secondary': state.composerType !== 'note',
                                        'my-2': !props.compactHeight
                                    }" data-hotkey="shift+m"
                                           t-on-click="() => this.toggleComposer('note')">
                                        Log note
                                    </button>
                                   <div class="flex-grow-1 d-flex">
                                        <button t-if="props.hasActivities"
                                                class="o-mail-Chatter-activity btn btn-secondary text-nowrap d-none"
                                                id="chatter_activity"
                                                type="button"
                                                t-ref="chatter_activity"
                                                t-att-class="{ 'my-2': !props.compactHeight }"
                                                data-hotkey="shift+a"
                                                t-on-click="scheduleActivity"
                                                style="background-color: #0349F6; border-radius: 20px; color: white;">
                                            <i class="fa fa-clock-o me-1"/>
                                            <span>Activities</span>
                                        </button>
                                       <div class="o_ChatterTopbar_rightSection flex-grow-1 flex-shrink-0 justify-content-end d-flex d-none">
                                            <span class="o-mail-Chatter-topbarGrow flex-grow-1 pe-2"/>
                                           <button class="btn btn-link text-action"
                                                   t-att-class="{ 'o-active': state.isSearchOpen }"
                                                   aria-label="Search Messages"
                                                   title="Search Messages"
                                                   t-on-click="onClickSearch">
                                                <i class="oi oi-search"
                                                   role="img"/>
                                            </button>
                                           <FileUploader
                                                   t-if="attachments.length === 0"
                                                   fileUploadClass="'o-mail-Chatter-fileUploader'"
                                                   multiUpload="true"
                                                   onUploaded.bind="onUploaded"
                                                   onClick="(ev) => this.onClickAttachFile(ev)">
                                                <t t-set-slot="toggler">
                                                    <t t-call="mail.Chatter.attachFiles"/>
                                                </t>
                                            </FileUploader>
                                           <t t-else=""
                                              t-call="mail.Chatter.attachFiles"/>
                                           <Dropdown t-if="props.hasFollowers"
                                                     position="'bottom-end'"
                                                     disabled="isDisabled"
                                                     class="'o-mail-Followers d-flex me-1'"
                                                     menuClass="'o-mail-Followers-dropdown flex-column'"
                                                     menuDisplay="'d-flex'"
                                                     title="followerButtonLabel"
                                                     togglerClass="'o-mail-Followers-button btn btn-link text-action px-1 ' + (props.compactHeight ? '' : 'my-2')">
                                                <t t-set-slot="toggler">
                                                    <i class="fa fa-user-o me-1"
                                                       role="img"/>
                                                    <i t-if="state.thread.id and state.thread.followersCount === undefined"
                                                       class="fa fa-circle-o-notch fa-spin"/>
                                                    <span t-else=""
                                                          class="o-mail-Followers-counter"
                                                          t-esc="state.thread.followersCount ?? 0"/>
                                                </t>
                                               <t t-set-slot="default">
                                                    <FollowerList
                                                            onAddFollowers.bind="onAddFollowers"
                                                            onFollowerChanged.bind="onFollowerChanged"
                                                            thread="state.thread"/>
                                                </t>
                                            </Dropdown>
                                           <button t-if="props.hasFollowers and state.thread.selfFollower"
                                                   class="btn px-0"
                                                   t-att-class="{ 'text-success': !unfollowHover.isHover, 'text-warning': unfollowHover.isHover, 'my-2': !props.compactHeight }"
                                                   t-att-disabled="!props.threadId"
                                                   t-on-click="onClickUnfollow"
                                                   t-ref="unfollow">
                                                <div class="position-relative">
                                                    <!-- Hidden element used to set the button maximum size -->
                                                    <span class="d-flex invisible text-nowrap">
                                                        <i class="me-1 fa fa-fw fa-eye-slash"/>
                                                        <t t-out="followingText.length > unfollowText.length ? followingText : unfollowText"/>
                                                    </span>
                                                    <span class="position-absolute end-0 top-0"
                                                          t-att-class="{ 'text-warning': unfollowHover.isHover }">
                                                        <i class="me-1"
                                                           t-att-class="{ 'fa fa-fw fa-times': unfollowHover.isHover, 'fa fa-fw fa-check': !unfollowHover.isHover }"/>
                                                        <span t-out="unfollowHover.isHover ? unfollowText : followingText"/>
                                                    </span>
                                                </div>
                                            </button>
                                           <button t-if="!state.thread.selfFollower"
                                                   class="o-mail-Chatter-follow btn btn-link  px-0 text-600"
                                                   t-on-click="onClickFollow">
                                                <div class="position-relative">
                                                    <span class="d-flex invisible text-nowrap">
                                                        <i class="me-1 fa fa-fw fa-eye-slash"/>
                                                        <t t-out="followingText.length > unfollowText.length ? followingText : unfollowText"/>
                                                    </span>
                                                    <span class="position-absolute end-0 top-0">
                                                        Follow
                                                    </span>
                                                </div>
                                            </button>
                                        </div>
                                    </div>
                                   <button t-if="props.close"
                                           class="o-mail-Chatter-close btn btn-secondary flex-shrink-0 ms-2"
                                           aria-label="Close"
                                           t-on-click="props.close">
                                        <i class="oi oi-large oi-close"/>
                                    </button>
                               </div>
                               <t t-if="state.composerType">
                                    <t t-if="state.composerType === 'message' and state.thread.recipients.length > 0">
                                        <div class="flex-shrink-0 px-3 pt-3 text-truncate small mb-2"
                                             style="margin-left:48px">
                                            <span class="fw-bold">To:</span>
                                            <t t-out="toRecipientsText"/>
                                            <button class="o-mail-Chatter-recipientListButton btn btn-link badge rounded-pill border-0 p-1 ms-1"
                                                    title="Show all recipients"
                                                    t-on-click="onClickRecipientList">
                                                <i class="fa fa-caret-down"/>
                                            </button>
                                        </div>
                                    </t>
                                   <t t-set="type"
                                      t-value="state.composerType === 'message' ? 'message' : 'note'"/>
                                   <SuggestedRecipientsList
                                           t-if="props.hasFollowers and state.composerType !== 'note'"
                                           className="'px-3'"
                                           styleString="'margin-left:48px;'"
                                           thread="state.thread"/>
                                   <Composer composer="state.thread.composer"
                                             autofocus="true"
                                             className="state.composerType === 'message' ? '' : 'pt-4'"
                                             mode="'extended'"
                                             onPostCallback.bind="onPostCallback"
                                             dropzoneRef="rootRef"
                                             type="state.composerType"
                                             t-key="props.threadId"/>
                               </t>
                           </div>
                           <div class="o-mail-Chatter-content d-none">
                                <div t-if="state.isSearchOpen"
                                     class="o-mail-Chatter-search">
                                    <SearchMessagesPanel
                                            closeSearch.bind="closeSearch"
                                            thread="state.thread"
                                            onClickJump.bind="closeSearch"
                                    />
                                </div>
                               <t t-else="">
                                    <t t-if="props.hasActivities and activities.length and !state.isSearchOpen">
                                        <t t-call="mail.ActivityList"/>
                                    </t>
                                   <div t-if="state.isAttachmentBoxOpened"
                                        class="o-mail-AttachmentBox position-relative"
                                        t-ref="attachment-box">
                                       <div class="d-flex align-items-center">
                                            <hr class="flex-grow-1"/>
                                           <span class="p-3 fw-bold">
                                                Files
                                            </span>
                                           <hr class="flex-grow-1"/>
                                        </div>
                                       <div class="d-flex flex-column">
                                            <AttachmentList
                                                    attachments="attachments"
                                                    unlinkAttachment.bind="unlinkAttachment"
                                                    imagesHeight="100"
                                            />
                                           <FileUploader multiUpload="true"
                                                         fileUploadClass="'o-mail-Chatter-fileUploader'"
                                                         onUploaded.bind="onUploaded"
                                                         onClick="(ev) => this.onClickAttachFile(ev)">
                                                <t t-set-slot="toggler">
                                                    <button class="btn btn-link"
                                                            type="button"
                                                            t-att-disabled="!state.thread.hasWriteAccess">
                                                        <i class="fa fa-plus-square"/>
                                                        Attach files
                                                    </button>
                                                </t>
                                            </FileUploader>
                                       </div>
                                   </div>
                                   <t t-if="props.hasMessageList">
                                        <Thread t-if="!state.isSearchOpen"
                                                thread="state.thread"
                                                t-key="state.thread.localId"
                                                order="'desc'"
                                                scrollRef="rootRef"
                                                jumpPresent="state.jumpThreadPresent"
                                        />
                                   </t>
                               </t>
                           </div>
                       </div>
            </div>
        </xpath>
    </t>
</templates>
