<?xml version="1.0" encoding="UTF-8"?>
<templates>
    <t t-name="hr_payroll.ActionBox">
        <div class="o_hr_payroll_dashboard_block card h-100">
            <div class="card-header bg-view border-0">
                <h2 class="card-title">
                    Warnings
                </h2>
            </div>
            <t t-if="this.state.loading">
                <div class="position-absolute top-0 bottom-0 start-0 end-0 d-flex align-items-center justify-content-center">
                    <i class="fa fa-3x fa-spin fa-spinner mx-auto text-o-color-2"/>
                </div>
            </t>
            <t t-else="">
                <div class="list-group list-group-flush">
                    <t t-foreach="this.state.warnings" t-as="action" t-key="action_index">
                        <a t-if="action.count > 0" class="list-group-item list-group-item-action row d-flex justify-content-between align-items-center g-0" href="#" t-on-click="() => this.actionService.doAction(action.action)">
                            <span class="col-1 text-end" t-out="action.count"></span>
                            <div class="col-10">
                                <t t-esc="action.string"/>
                            </div>
                        </a>
                    </t>
                </div>
            </t>
        </div>
    </t>
</templates>
