<?xml version="1.0" encoding="utf-8"?>
<templates id="template" xml:space="preserve">

    <!-- <t t-name="ReceiptScreenWhatsApp" t-inherit="point_of_sale.ReceiptScreen" t-inherit-mode="extension" owl="1">
        <xpath expr="//form[@class='send-email']" position="after">
            <form t-on-submit.prevent="onSendWhatsapp" class="send-email">  
                <div class="input-email">
                    <input type="number" placeholder="Whatsapp Receipt" t-model="orderUiState.inputWhatsapp" />
                    <button class="send highlight" type="submit">
						<i class="fa fa-whatsapp" aria-hidden="true"/>
					</button>
                </div>
            </form>
            <div>
               <p style="margin: 7px;margin-left: 37px;font-size: 17px;font-style: italic;float: left;">Enter your message.</p></div>
            <div>
               <textarea class="wv_note" rows="2" cols="100" placeholder="Enter your message........" t-model="orderUiState.inputMessage" t-ref="input" name="note"></textarea>
            </div>
            <t t-if="orderUiState.whatsappSuccessful !== null">
	             <div class="notice" t-attf-class="{{ orderUiState.whatsappSuccessful ? 'successful' : 'failed' }}">
	                 <t t-esc="orderUiState.whatsappNotice"></t>
	             </div>
	         </t>
        </xpath>
    </t>
    <t t-extend="PaymentScreenWidget">
        <t t-jquery=".button.js_email" t-operation="before">
            <div class='button js_whatsapp_select' t-if="widget.pos.config.module_account">
                <i class='fa fa-whatsapp' /> <input type="radio" name="whatsapp_select" value='invoice' t-att-checked="widget.pos.config.default_option == 'invoice' ? 'checked' : undefined"/> Invoice <input type="radio" name="whatsapp_select" value="receipt" t-att-checked="widget.pos.config.default_option == 'receipt' ? 'checked' : undefined"/> Receipt
            </div>
        </t>
    </t> -->


    <t t-name="aos_whatsapp_pos.ReceiptScreen" t-inherit="point_of_sale.ReceiptScreen" t-inherit-mode="extension">
        <xpath expr="//form[hasclass('send-email')]" position="after">
            <form t-if="this.pos.config.whatsapp_server_id" t-on-submit.prevent="onSendWhatsapp" class="mt-4 send-whatsapp">
                <div class="input-whatsapp">
                    <input type="tel" placeholder="WhatsApp Receipt" t-on-input="onInputWhatsapp" t-att-value="orderUiState.inputWhatsapp"/>
                    <button class="send" t-att-class="{ highlight: !orderUiState.whatsappButtonDisabled and is_valid_mobile }" type="submit">
                        <i class="fa" t-att-class="orderUiState.isSending ? 'fa-fw fa-spin fa-circle-o-notch' : 'fa-whatsapp'" aria-hidden="true" />
                    </button>
                </div>
            </form>
            <div>
                <p style="margin: 7px;margin-left: 37px;font-size: 17px;font-style: italic;float: left;">Enter your message.</p>
            </div>
            <div>
                <textarea class="wv_note" rows="2" cols="100" placeholder="Enter your message........" t-model="orderUiState.inputMessage" t-ref="input" name="note"></textarea>
            </div>
            <!-- <form t-on-submit.prevent="onSendWhatsapp" class="send-email">  
                <div class="input-email">
                    <input type="number" placeholder="Whatsapp Receipt" t-model="orderUiState.inputWhatsapp" />
                    <button class="send highlight" type="submit">
						<i class="fa fa-whatsapp" aria-hidden="true"/>
					</button>
                </div>
            </form>
            <div>
               <p style="margin: 7px;margin-left: 37px;font-size: 17px;font-style: italic;float: left;">Enter your message.</p></div>
            <div>
               <textarea class="wv_note" rows="2" cols="100" placeholder="Enter your message........" t-model="orderUiState.inputMessage" t-ref="input" name="note"></textarea>
            </div> -->
        </xpath>
        <xpath expr="//div[hasclass('notice')]" position="after">
            <div t-if="this.pos.config.whatsapp_server_id" class="whatsapp-notice">
                <div t-if="orderUiState.whatsappSuccessful !== null" t-att-class="orderUiState.whatsappSuccessful ? 'successful' : 'failed'">
                    <t t-esc="orderUiState.whatsappNotice"/>
                </div>
                <div class="send-whatsapp-info" t-if="currentOrder.is_to_invoice()">
                    (Both will be sent by WhatsApp)
                </div>
            </div>
        </xpath>
    </t>
</templates>
