id,name,model_id:id,group_id:id,perm_read,perm_write,perm_create,perm_unlink
access_whatsapp_templates,access_whatsapp_templates,model_whatsapp_templates,base.group_user,1,1,1,1
access_whatsapp_template_call_to_action,access_whatsapp_template_call_to_action,model_whatsapp_template_call_to_action,base.group_user,1,1,1,1
pragtech_whatsapp_base.access_export_template_wizard,access_export_template_wizard,pragtech_whatsapp_base.model_export_template_wizard,base.group_user,1,1,1,1
pragtech_whatsapp_base.access_whatsapp_instance,access_whatsapp_instance,pragtech_whatsapp_base.model_whatsapp_instance,base.group_user,1,1,1,1
pragtech_whatsapp_base.access_whatsapp_messages,access_whatsapp_messages,pragtech_whatsapp_base.model_whatsapp_messages,base.group_user,1,1,1,1
pragtech_whatsapp_base.access_test_connection_wizard,access_test_connection_wizard,pragtech_whatsapp_base.model_test_connection_wizard,base.group_user,1,1,1,1
pragtech_whatsapp_base.access_whatsapp_gupshup_templates,access_whatsapp_gupshup_templates,pragtech_whatsapp_base.model_whatsapp_gupshup_templates,base.group_user,1,1,1,1
whatsapp_base.access_terminal_log,access_terminal_log,pragtech_whatsapp_base.model_terminal_log,base.group_user,1,1,1,1