<odoo>
    <data>
        <record id="category_whatsapp" model="ir.module.category">
            <field name="name">WhatsApp</field>
            <field name="sequence">600</field>
        </record>

        <record id="group_whatsApp_template" model="res.groups">
            <field name="name">WhatsApp Template</field>
            <field name="category_id" ref="category_whatsapp"/>
        </record>

        <record id="group_whatsApp_see_all_messages" model="res.groups">
            <field name="name">See All messages</field>
            <field name="category_id" ref="pragtech_whatsapp_base.category_whatsapp"/>
        </record>
    </data>
</odoo>
