<?xml version="1.0" encoding="UTF-8"?>
<!--inherited to add quantity in  each product card-->
<templates id="template" xml:space="preserve">
    <t t-name="point_of_sale.ProductCard" t-inherit="point_of_sale.ProductCard" t-inherit-mode="extension">
        <xpath expr="//div[hasclass('product-information-tag')]" position="after">
            <t t-if="(this.env.services.pos.db.product_by_id[props.productId].qty_available lte this.env.services.pos.db.product_by_id[props.productId].min_low_stock_alert) and (this.env.services.pos.db.product_by_id[props.productId].qty_available gt 0)">
                <div id="qty_display_low_stock" t-attf-class="display_qty low_stock" >
                    <t t-esc="this.env.services.pos.db.product_by_id[props.productId].qty_available"/>
                </div>
            </t>
            <t t-elif="(this.env.services.pos.db.product_by_id[props.productId].qty_available gt this.env.services.pos.db.product_by_id[props.productId].min_low_stock_alert) and (this.env.services.pos.db.product_by_id[props.productId].qty_available lte (this.env.services.pos.db.product_by_id[props.productId].min_low_stock_alert * 2))">
                <div id="qty_display_medium_stock" t-attf-class="display_qty medium_stock">
                    <t t-esc="this.env.services.pos.db.product_by_id[props.productId].qty_available"/>
                </div>
            </t>
            <t t-else="">
                <div id="qty_display_stock" t-attf-class="display_qty #{this.env.services.pos.db.product_by_id[props.productId].qty_available lte 0 ? 'not-available':''}">
                    <t t-esc="this.env.services.pos.db.product_by_id[props.productId].qty_available"/>
                </div>
            </t>
        </xpath>
    </t>
</templates>

